qa_id,request_id,check_dt,qa_result,issue_category
QA1953526,R0000007,2025-11-15 22:00:14,Pass,None
QA5021549,R0000019,2025-11-15 21:02:37,Pass,None
QA9469685,R0000022,2025-11-15 12:14:05,Pass,None
QA8246527,R0000027,2025-11-15 13:01:06,Fail,IncorrectService
QA7187804,R0000037,2025-11-15 21:44:26,Fail,Delay
QA3234647,R0000038,2025-11-15 16:51:31,Pass,None
QA1465493,R0000041,2025-11-15 23:34:00,Pass,None
QA3329370,R0000046,2025-11-15 22:25:41,Pass,None
QA3623400,R0000047,2025-11-15 14:15:49,Fail,Delay
QA5738140,R0000052,2025-11-15 21:59:24,Pass,None
QA1937363,R0000054,2025-11-15 13:19:56,Pass,None
QA7565455,R0000062,2025-11-16 02:33:09,Pass,None
QA2737226,R0000078,2025-11-15 20:19:20,Pass,None
QA6417974,R0000088,2025-11-15 21:25:09,Pass,None
QA6116193,R0000089,2025-11-15 16:03:05,Pass,None
QA9155887,R0000103,2025-11-15 22:18:10,Pass,None
QA9503245,R0000104,2025-11-15 19:17:26,Pass,None
QA9602743,R0000109,2025-11-15 11:16:33,Pass,None
QA7907565,R0000111,2025-11-15 09:38:47,Pass,None
QA3245933,R0000113,2025-11-15 17:05:07,Pass,None
QA9472301,R0000114,2025-11-15 19:20:00,Pass,None
QA6434348,R0000117,2025-11-15 19:14:07,Pass,None
QA3552410,R0000119,2025-11-15 14:15:39,Pass,None
QA3231522,R0000120,2025-11-16 00:04:09,Pass,None
QA6456254,R0000122,2025-11-15 18:55:49,Fail,Delay
QA1715549,R0000124,2025-11-15 11:26:49,Pass,None
QA2428159,R0000132,2025-11-15 20:45:47,Pass,None
QA5554046,R0000135,2025-11-15 15:55:41,Fail,MissingInfo
QA7986855,R0000137,2025-11-15 12:36:20,Pass,None
QA3778736,R0000146,2025-11-16 01:39:28,Pass,None
QA3480715,R0000148,2025-11-15 20:38:42,Fail,Delay
QA9400494,R0000150,2025-11-15 08:33:56,Pass,None
QA3366929,R0000180,2025-11-15 21:40:54,Pass,None
QA8338295,R0000186,2025-11-15 11:36:29,Pass,None
QA2423096,R0000190,2025-11-15 15:14:51,Pass,None
QA6994895,R0000195,2025-11-15 23:00:24,Pass,None
QA5696983,R0000210,2025-11-15 17:04:20,Pass,None
QA2981179,R0000211,2025-11-15 12:53:29,Pass,None
QA5527411,R0000225,2025-11-15 16:49:47,Pass,None
QA9240933,R0000231,2025-11-15 13:33:59,Pass,None
QA5660981,R0000239,2025-11-15 11:23:54,Fail,IncorrectService
QA5981627,R0000240,2025-11-15 20:51:59,Pass,None
QA9457481,R0000242,2025-11-15 21:51:03,Fail,IncorrectService
QA2489783,R0000254,2025-11-15 20:39:02,Pass,None
QA5983858,R0000263,2025-11-15 22:30:59,Pass,None
QA4750589,R0000271,2025-11-16 01:35:55,Pass,None
QA8871717,R0000273,2025-11-15 14:06:18,Pass,None
QA4556087,R0000279,2025-11-15 11:53:20,Pass,None
QA9999632,R0000285,2025-11-15 20:50:27,Pass,None
QA5408320,R0000301,2025-11-15 13:57:47,Pass,None
QA7184803,R0000302,2025-11-15 13:41:57,Pass,None
QA1611344,R0000304,2025-11-15 22:52:32,Fail,Rework
QA2729027,R0000317,2025-11-15 21:45:14,Fail,IncorrectService
QA2270226,R0000320,2025-11-15 11:29:50,Pass,None
QA9419624,R0000321,2025-11-15 15:55:14,Pass,None
QA6707648,R0000330,2025-11-15 17:18:38,Pass,None
QA7510684,R0000332,2025-11-15 21:34:49,Pass,None
QA1017005,R0000341,2025-11-15 20:47:19,Pass,None
QA5508604,R0000345,2025-11-16 02:55:45,Pass,None
QA1971352,R0000358,2025-11-16 20:37:37,Pass,None
QA1720174,R0000369,2025-11-16 16:32:17,Pass,None
QA7941772,R0000386,2025-11-16 22:42:57,Pass,None
QA2424591,R0000387,2025-11-16 16:02:49,Pass,None
QA8040325,R0000394,2025-11-16 11:18:01,Pass,None
QA3131733,R0000395,2025-11-16 13:27:19,Pass,None
QA4814677,R0000396,2025-11-16 17:52:16,Pass,None
QA5687037,R0000397,2025-11-16 17:05:42,Pass,None
QA5813216,R0000401,2025-11-16 11:18:03,Pass,None
QA5407900,R0000408,2025-11-16 17:33:57,Pass,None
QA6683259,R0000411,2025-11-16 16:26:49,Pass,None
QA6548095,R0000413,2025-11-16 12:11:39,Pass,None
QA9759986,R0000422,2025-11-16 11:58:52,Pass,None
QA2029559,R0000443,2025-11-16 18:56:48,Pass,None
QA7322045,R0000446,2025-11-16 15:50:41,Pass,None
QA6319744,R0000457,2025-11-16 22:09:54,Pass,None
QA9721779,R0000462,2025-11-16 11:37:17,Pass,None
QA9763818,R0000463,2025-11-16 20:43:33,Pass,None
QA6416719,R0000469,2025-11-16 22:15:37,Pass,None
QA1519876,R0000477,2025-11-17 00:53:57,Pass,None
QA5699591,R0000480,2025-11-16 14:40:01,Pass,None
QA4279996,R0000502,2025-11-17 00:10:53,Pass,None
QA8357643,R0000507,2025-11-16 21:45:19,Pass,None
QA6153171,R0000510,2025-11-16 12:13:04,Pass,None
QA6354948,R0000515,2025-11-16 18:28:00,Pass,None
QA4166184,R0000525,2025-11-16 11:55:41,Pass,None
QA2817039,R0000537,2025-11-16 16:40:28,Pass,None
QA5057859,R0000538,2025-11-16 20:16:46,Pass,None
QA4593004,R0000543,2025-11-16 15:52:02,Pass,None
QA7097597,R0000547,2025-11-16 14:42:40,Pass,None
QA2145318,R0000555,2025-11-16 18:53:15,Pass,None
QA6833973,R0000556,2025-11-16 12:48:35,Pass,None
QA4698365,R0000559,2025-11-16 21:57:57,Pass,None
QA9469666,R0000563,2025-11-16 20:59:36,Pass,None
QA5743047,R0000605,2025-11-16 20:01:21,Pass,None
QA5886440,R0000608,2025-11-16 08:45:07,Pass,None
QA8085949,R0000610,2025-11-16 17:30:47,Pass,None
QA2296719,R0000615,2025-11-16 19:28:02,Pass,None
QA5341366,R0000619,2025-11-16 19:58:40,Pass,None
QA7560747,R0000627,2025-11-16 16:58:41,Pass,None
QA8426921,R0000628,2025-11-16 11:31:36,Pass,None
QA4093039,R0000629,2025-11-16 23:34:29,Pass,None
QA1505088,R0000630,2025-11-16 10:00:21,Pass,None
QA1187934,R0000631,2025-11-16 20:49:45,Pass,None
QA5497316,R0000645,2025-11-16 09:09:18,Pass,None
QA5464483,R0000650,2025-11-17 00:35:28,Pass,None
QA7734407,R0000662,2025-11-16 22:05:42,Pass,None
QA7462897,R0000668,2025-11-16 20:02:37,Pass,None
QA3507564,R0000670,2025-11-16 17:39:02,Pass,None
QA1057257,R0000674,2025-11-17 12:01:14,Pass,None
QA1920204,R0000679,2025-11-17 23:46:13,Pass,None
QA4921491,R0000684,2025-11-17 22:18:08,Pass,None
QA1174321,R0000697,2025-11-17 11:26:58,Pass,None
QA5097488,R0000700,2025-11-17 14:16:46,Pass,None
QA6890028,R0000706,2025-11-17 09:35:37,Pass,None
QA9620792,R0000716,2025-11-17 21:05:24,Pass,None
QA8615763,R0000719,2025-11-17 22:20:48,Fail,MissingInfo
QA3859483,R0000724,2025-11-17 22:08:24,Pass,None
QA1582557,R0000742,2025-11-17 19:29:43,Pass,None
QA4135394,R0000747,2025-11-17 13:06:10,Pass,None
QA2039814,R0000752,2025-11-17 10:48:57,Pass,None
QA6046523,R0000758,2025-11-17 08:10:09,Pass,None
QA3119583,R0000765,2025-11-17 14:36:46,Pass,None
QA4863184,R0000768,2025-11-17 15:17:31,Pass,None
QA2169514,R0000780,2025-11-17 12:00:30,Pass,None
QA3055389,R0000783,2025-11-17 16:18:18,Pass,None
QA8300690,R0000786,2025-11-17 22:02:16,Pass,None
QA9480724,R0000790,2025-11-18 00:37:37,Pass,None
QA2838616,R0000792,2025-11-18 01:17:17,Pass,None
QA9884371,R0000795,2025-11-17 18:54:24,Pass,None
QA6584771,R0000804,2025-11-17 23:57:33,Pass,None
QA8819712,R0000811,2025-11-17 14:07:54,Pass,None
QA3368596,R0000823,2025-11-17 10:56:55,Pass,None
QA5680376,R0000839,2025-11-17 18:46:23,Pass,None
QA3060602,R0000844,2025-11-18 00:56:29,Pass,None
QA5613379,R0000845,2025-11-17 16:49:03,Fail,Delay
QA7812338,R0000850,2025-11-17 14:05:29,Pass,None
QA9778558,R0000852,2025-11-17 12:33:46,Pass,None
QA1062913,R0000854,2025-11-17 16:37:31,Pass,None
QA7104549,R0000856,2025-11-17 23:23:02,Pass,None
QA9303198,R0000860,2025-11-17 12:20:38,Pass,None
QA7613633,R0000862,2025-11-18 00:08:49,Pass,None
QA2644064,R0000867,2025-11-17 12:58:17,Fail,MissingInfo
QA9374651,R0000868,2025-11-17 21:25:37,Pass,None
QA7937528,R0000873,2025-11-17 12:41:22,Pass,None
QA5000987,R0000874,2025-11-17 13:44:00,Pass,None
QA5661991,R0000876,2025-11-17 11:08:57,Pass,None
QA4646064,R0000887,2025-11-17 11:12:29,Pass,None
QA5443317,R0000916,2025-11-19 01:50:15,Pass,None
QA9210107,R0000918,2025-11-18 14:18:38,Pass,None
QA5506043,R0000920,2025-11-19 01:46:29,Pass,None
QA3428298,R0000926,2025-11-18 17:47:02,Pass,None
QA9826202,R0000933,2025-11-18 08:44:53,Fail,IncorrectService
QA3545471,R0000936,2025-11-18 20:01:59,Pass,None
QA9528958,R0000941,2025-11-18 20:12:50,Pass,None
QA5821005,R0000945,2025-11-18 16:54:22,Pass,None
QA9971703,R0000947,2025-11-18 22:20:48,Pass,None
QA1914402,R0000948,2025-11-18 13:12:44,Pass,None
QA3317578,R0000962,2025-11-18 13:25:48,Pass,None
QA3922881,R0000977,2025-11-18 19:08:29,Pass,None
QA1527082,R0000979,2025-11-18 23:36:11,Pass,None
QA2073897,R0000980,2025-11-18 11:46:31,Pass,None
QA6721876,R0000991,2025-11-18 20:50:43,Pass,None
QA7974463,R0000997,2025-11-18 22:54:52,Pass,None
QA5624630,R0001002,2025-11-19 00:05:10,Pass,None
QA8374861,R0001006,2025-11-18 19:35:17,Fail,IncorrectService
QA8376413,R0001011,2025-11-18 11:24:41,Pass,None
QA8031389,R0001014,2025-11-18 18:22:24,Pass,None
QA1580746,R0001018,2025-11-18 18:23:44,Pass,None
QA8309688,R0001026,2025-11-18 14:45:39,Pass,None
QA9234141,R0001039,2025-11-18 16:15:28,Fail,Delay
QA9250157,R0001066,2025-11-18 12:28:02,Pass,None
QA6772573,R0001073,2025-11-18 11:44:50,Pass,None
QA3829699,R0001080,2025-11-18 14:29:08,Pass,None
QA4255964,R0001081,2025-11-18 11:35:01,Pass,None
QA6998351,R0001082,2025-11-18 19:58:29,Pass,None
QA1014443,R0001090,2025-11-18 15:53:45,Pass,None
QA5472985,R0001106,2025-11-19 19:40:29,Pass,None
QA9462351,R0001120,2025-11-19 14:22:47,Fail,MissingInfo
QA7757969,R0001130,2025-11-19 15:24:23,Pass,None
QA2746574,R0001134,2025-11-19 12:27:40,Pass,None
QA1845443,R0001135,2025-11-19 20:25:55,Pass,None
QA7755402,R0001137,2025-11-19 12:55:28,Pass,None
QA5986562,R0001147,2025-11-20 00:15:47,Pass,None
QA3723857,R0001148,2025-11-19 15:42:03,Pass,None
QA6890174,R0001151,2025-11-19 20:16:17,Pass,None
QA8211624,R0001161,2025-11-19 23:57:14,Pass,None
QA4805230,R0001166,2025-11-19 12:19:16,Pass,None
QA8607223,R0001170,2025-11-19 19:56:47,Pass,None
QA1587339,R0001173,2025-11-19 20:03:39,Pass,None
QA2145049,R0001175,2025-11-19 21:20:12,Pass,None
QA7894793,R0001176,2025-11-19 21:10:56,Fail,MissingInfo
QA3003543,R0001179,2025-11-19 22:50:06,Pass,None
QA1035881,R0001181,2025-11-19 13:49:49,Pass,None
QA9790230,R0001183,2025-11-19 21:57:22,Pass,None
QA6809103,R0001190,2025-11-19 16:20:13,Pass,None
QA1961092,R0001201,2025-11-20 00:33:09,Pass,None
QA7617496,R0001207,2025-11-19 13:01:28,Pass,None
QA1533210,R0001208,2025-11-19 10:09:14,Pass,None
QA7525049,R0001215,2025-11-20 01:05:21,Pass,None
QA2936244,R0001221,2025-11-19 15:53:32,Pass,None
QA1596546,R0001223,2025-11-19 15:13:03,Pass,None
QA1873679,R0001224,2025-11-19 13:46:49,Pass,None
QA7010556,R0001239,2025-11-19 18:45:16,Pass,None
QA4553636,R0001249,2025-11-20 02:49:40,Pass,None
QA2618664,R0001253,2025-11-19 16:38:54,Pass,None
QA6281407,R0001256,2025-11-19 20:40:07,Pass,None
QA9600056,R0001270,2025-11-19 22:24:51,Pass,None
QA3537160,R0001271,2025-11-19 23:10:09,Pass,None
QA4227735,R0001277,2025-11-19 18:02:48,Pass,None
QA2963980,R0001282,2025-11-19 12:57:43,Fail,Delay
QA9901423,R0001293,2025-11-19 13:08:01,Pass,None
QA9572421,R0001297,2025-11-19 15:15:51,Pass,None
QA9552965,R0001299,2025-11-19 13:13:37,Pass,None
QA5505698,R0001301,2025-11-20 00:27:48,Pass,None
QA1748988,R0001327,2025-11-21 01:52:03,Pass,None
QA7449057,R0001331,2025-11-20 20:49:44,Pass,None
QA9357699,R0001332,2025-11-20 09:44:02,Pass,None
QA5452333,R0001345,2025-11-21 00:13:14,Pass,None
QA8203200,R0001351,2025-11-20 22:54:17,Pass,None
QA1147465,R0001353,2025-11-20 21:31:40,Pass,None
QA5841117,R0001361,2025-11-20 23:15:44,Pass,None
QA1530716,R0001362,2025-11-21 01:31:08,Pass,None
QA8820900,R0001372,2025-11-20 15:44:29,Pass,None
QA8862615,R0001377,2025-11-20 11:37:31,Pass,None
QA5960570,R0001380,2025-11-20 16:29:36,Pass,None
QA6592736,R0001388,2025-11-20 09:57:16,Pass,None
QA3381113,R0001390,2025-11-20 13:01:59,Pass,None
QA5328166,R0001394,2025-11-20 23:19:17,Pass,None
QA3189214,R0001408,2025-11-20 21:20:43,Pass,None
QA1538500,R0001413,2025-11-20 14:45:46,Pass,None
QA7050023,R0001414,2025-11-20 14:19:48,Pass,None
QA1096664,R0001449,2025-11-20 23:41:13,Pass,None
QA1737424,R0001454,2025-11-20 09:39:16,Pass,None
QA2065205,R0001455,2025-11-20 13:33:47,Pass,None
QA7097887,R0001456,2025-11-20 13:23:35,Pass,None
QA2924957,R0001458,2025-11-20 21:49:22,Pass,None
QA3460532,R0001464,2025-11-20 18:09:40,Pass,None
QA1119370,R0001472,2025-11-20 17:26:02,Pass,None
QA4430342,R0001473,2025-11-20 09:23:09,Pass,None
QA4701015,R0001488,2025-11-20 17:10:40,Pass,None
QA7031309,R0001494,2025-11-20 10:49:47,Pass,None
QA1376237,R0001506,2025-11-21 00:09:20,Pass,None
QA6285819,R0001509,2025-11-20 21:19:19,Pass,None
QA5593184,R0001514,2025-11-21 23:03:01,Pass,None
QA8570044,R0001526,2025-11-21 16:49:12,Pass,None
QA3716646,R0001529,2025-11-21 20:14:04,Pass,None
QA2019840,R0001531,2025-11-21 21:53:08,Pass,None
QA9114870,R0001533,2025-11-21 20:48:34,Pass,None
QA2994575,R0001537,2025-11-21 21:16:02,Pass,None
QA4911369,R0001543,2025-11-22 00:18:50,Pass,None
QA8382160,R0001549,2025-11-21 17:43:29,Pass,None
QA1730518,R0001551,2025-11-21 11:12:29,Pass,None
QA9877973,R0001552,2025-11-21 20:38:52,Pass,None
QA5489503,R0001556,2025-11-21 14:42:48,Pass,None
QA4863663,R0001564,2025-11-21 22:31:42,Pass,None
QA1424940,R0001566,2025-11-21 11:23:32,Fail,MissingInfo
QA6444808,R0001570,2025-11-21 23:32:05,Pass,None
QA3253004,R0001573,2025-11-22 00:59:37,Pass,None
QA7557684,R0001582,2025-11-21 14:32:04,Pass,None
QA8521358,R0001586,2025-11-21 11:29:54,Pass,None
QA3854332,R0001594,2025-11-21 16:06:12,Pass,None
QA5557720,R0001596,2025-11-21 09:35:34,Pass,None
QA6379000,R0001597,2025-11-22 01:25:10,Fail,MissingInfo
QA4715692,R0001599,2025-11-21 15:45:03,Pass,None
QA5278384,R0001602,2025-11-21 19:06:37,Pass,None
QA9873192,R0001625,2025-11-21 20:35:33,Pass,None
QA6655402,R0001636,2025-11-22 01:51:06,Pass,None
QA2576851,R0001640,2025-11-21 18:16:58,Fail,MissingInfo
QA4299281,R0001643,2025-11-21 15:47:57,Pass,None
QA8068637,R0001644,2025-11-21 11:43:00,Pass,None
QA8126595,R0001647,2025-11-21 22:12:05,Pass,None
QA5047752,R0001654,2025-11-21 18:05:52,Pass,None
QA7210782,R0001656,2025-11-21 08:27:15,Pass,None
QA8922164,R0001657,2025-11-21 23:28:45,Pass,None
QA6380829,R0001659,2025-11-21 16:37:38,Pass,None
QA2042852,R0001662,2025-11-22 01:18:14,Pass,None
QA4253744,R0001671,2025-11-21 14:36:24,Pass,None
QA6602881,R0001676,2025-11-22 02:34:46,Pass,None
QA6910628,R0001680,2025-11-21 23:09:30,Pass,None
QA7461529,R0001686,2025-11-22 00:43:53,Pass,None
QA7093389,R0001689,2025-11-21 15:50:22,Pass,None
QA1129709,R0001699,2025-11-22 02:00:16,Pass,None
QA9974313,R0001702,2025-11-22 00:33:45,Pass,None
QA9912099,R0001706,2025-11-22 00:20:26,Pass,None
QA7280419,R0001707,2025-11-21 19:52:06,Pass,None
QA2756417,R0001724,2025-11-21 20:34:24,Pass,None
QA9571761,R0001728,2025-11-21 14:04:59,Pass,None
QA1509450,R0001746,2025-11-21 23:29:07,Pass,None
QA8612680,R0001755,2025-11-21 14:18:12,Pass,None
QA1883667,R0001758,2025-11-21 20:36:10,Pass,None
QA2429754,R0001773,2025-11-21 11:40:24,Pass,None
QA1409807,R0001786,2025-11-21 19:37:32,Pass,None
QA1669580,R0001788,2025-11-21 20:24:54,Pass,None
QA5077660,R0001789,2025-11-22 02:08:34,Pass,None
QA9092175,R0001801,2025-11-23 01:32:59,Pass,None
QA1729599,R0001808,2025-11-22 10:53:19,Pass,None
QA4041338,R0001824,2025-11-22 14:33:18,Pass,None
QA4444009,R0001826,2025-11-22 11:47:04,Pass,None
QA6583612,R0001827,2025-11-22 19:21:22,Pass,None
QA4043538,R0001829,2025-11-22 10:42:10,Fail,Delay
QA1947882,R0001832,2025-11-22 19:30:14,Pass,None
QA9114160,R0001839,2025-11-22 19:28:32,Fail,MissingInfo
QA8368484,R0001851,2025-11-22 21:40:02,Pass,None
QA6351488,R0001855,2025-11-22 17:16:43,Pass,None
QA9839253,R0001861,2025-11-22 18:25:27,Pass,None
QA2923848,R0001868,2025-11-22 11:56:27,Pass,None
QA4103972,R0001908,2025-11-22 10:56:30,Pass,None
QA8021033,R0001909,2025-11-22 09:50:24,Pass,None
QA4097381,R0001911,2025-11-22 22:54:40,Pass,None
QA4351604,R0001915,2025-11-23 01:30:16,Pass,None
QA9978007,R0001924,2025-11-22 15:09:32,Pass,None
QA2414609,R0001925,2025-11-22 22:28:16,Pass,None
QA8886355,R0001927,2025-11-22 19:31:15,Pass,None
QA8438319,R0001929,2025-11-22 23:45:07,Fail,IncorrectService
QA1076456,R0001935,2025-11-22 22:17:23,Pass,None
QA3010164,R0001940,2025-11-22 13:35:15,Pass,None
QA7712552,R0001943,2025-11-23 01:25:14,Pass,None
QA8572712,R0001953,2025-11-22 21:50:02,Fail,Delay
QA9779922,R0001954,2025-11-23 01:58:40,Pass,None
QA2315683,R0001966,2025-11-22 13:33:24,Pass,None
QA8345494,R0001967,2025-11-22 09:48:12,Fail,IncorrectService
QA3177069,R0001969,2025-11-22 23:55:22,Pass,None
QA2193039,R0001975,2025-11-22 13:51:25,Pass,None
QA2043313,R0001981,2025-11-22 10:15:14,Pass,None
QA4201376,R0001985,2025-11-22 14:09:09,Pass,None
QA5633024,R0002003,2025-11-23 01:06:04,Pass,None
QA5796308,R0002004,2025-11-22 22:48:29,Fail,Rework
QA1376012,R0002006,2025-11-22 11:09:42,Pass,None
QA9590510,R0002015,2025-11-22 21:49:17,Pass,None
QA4878551,R0002016,2025-11-22 13:09:34,Pass,None
QA1355612,R0002020,2025-11-22 16:19:40,Pass,None
QA4087682,R0002029,2025-11-22 17:27:06,Pass,None
QA4369860,R0002037,2025-11-22 20:48:37,Pass,None
QA2162308,R0002041,2025-11-22 20:31:38,Pass,None
QA6823148,R0002047,2025-11-22 18:19:46,Pass,None
QA7591481,R0002052,2025-11-22 17:08:12,Pass,None
QA4397419,R0002053,2025-11-22 13:13:18,Pass,None
QA9333355,R0002058,2025-11-22 12:20:28,Pass,None
QA8416015,R0002065,2025-11-22 11:55:56,Pass,None
QA9894242,R0002067,2025-11-22 12:55:35,Pass,None
QA4227308,R0002068,2025-11-22 19:14:42,Fail,Delay
QA4735270,R0002077,2025-11-22 13:55:49,Pass,None
QA5492478,R0002084,2025-11-22 15:02:12,Pass,None
QA5330623,R0002086,2025-11-22 20:42:36,Pass,None
QA7843708,R0002087,2025-11-22 11:42:02,Pass,None
QA3967680,R0002088,2025-11-22 16:54:43,Pass,None
QA2551703,R0002089,2025-11-22 14:56:50,Pass,None
QA4463101,R0002090,2025-11-22 23:48:11,Pass,None
QA8839524,R0002096,2025-11-24 00:20:31,Pass,None
QA2606692,R0002097,2025-11-23 20:22:17,Pass,None
QA1787805,R0002099,2025-11-23 23:28:49,Pass,None
QA1502702,R0002107,2025-11-23 22:04:34,Pass,None
QA3805524,R0002111,2025-11-23 09:03:19,Fail,IncorrectService
QA1377227,R0002112,2025-11-23 22:43:21,Pass,None
QA9488026,R0002114,2025-11-23 14:00:58,Pass,None
QA3740296,R0002115,2025-11-23 16:56:23,Pass,None
QA8121336,R0002120,2025-11-23 11:31:43,Pass,None
QA2095003,R0002138,2025-11-23 09:28:14,Pass,None
QA8937054,R0002139,2025-11-24 00:15:11,Pass,None
QA1230503,R0002141,2025-11-23 12:25:20,Fail,Rework
QA1547634,R0002145,2025-11-23 22:42:06,Pass,None
QA3596289,R0002147,2025-11-23 22:49:18,Pass,None
QA1940513,R0002154,2025-11-23 13:17:06,Pass,None
QA6341595,R0002163,2025-11-23 13:04:48,Pass,None
QA5966997,R0002173,2025-11-23 17:34:10,Pass,None
QA1113995,R0002181,2025-11-23 18:43:09,Pass,None
QA9973203,R0002184,2025-11-23 14:26:32,Pass,None
QA8739883,R0002187,2025-11-23 14:03:27,Pass,None
QA2668870,R0002189,2025-11-23 17:33:05,Pass,None
QA9653184,R0002203,2025-11-23 15:54:59,Pass,None
QA7939103,R0002221,2025-11-23 22:35:51,Pass,None
QA7146927,R0002241,2025-11-23 18:37:04,Pass,None
QA4416764,R0002244,2025-11-23 22:32:42,Pass,None
QA7218924,R0002266,2025-11-23 18:36:41,Pass,None
QA2046646,R0002267,2025-11-23 19:27:16,Pass,None
QA6902805,R0002271,2025-11-23 17:46:43,Pass,None
QA9327917,R0002275,2025-11-23 22:47:45,Fail,Delay
QA9376236,R0002278,2025-11-23 20:53:40,Pass,None
QA6576032,R0002280,2025-11-23 19:58:04,Pass,None
QA8368218,R0002284,2025-11-24 00:36:06,Pass,None
QA9644234,R0002285,2025-11-23 22:49:24,Pass,None
QA8842357,R0002290,2025-11-23 22:15:13,Pass,None
QA6646137,R0002294,2025-11-23 10:29:01,Pass,None
QA2415796,R0002305,2025-11-23 21:36:01,Pass,None
QA8186073,R0002306,2025-11-23 10:23:26,Pass,None
QA8214599,R0002315,2025-11-23 23:52:56,Pass,None
QA7822286,R0002325,2025-11-23 16:50:09,Pass,None
QA2823126,R0002336,2025-11-23 20:55:15,Fail,Delay
QA9394904,R0002339,2025-11-23 16:51:58,Pass,None
QA1154942,R0002341,2025-11-23 17:07:09,Pass,None
QA6202070,R0002342,2025-11-23 12:52:12,Pass,None
QA6074855,R0002344,2025-11-23 16:18:56,Pass,None
QA8554087,R0002356,2025-11-23 15:03:17,Pass,None
QA8761289,R0002362,2025-11-24 01:19:56,Pass,None
QA4861593,R0002381,2025-11-23 12:52:55,Pass,None
QA3713180,R0002383,2025-11-23 13:58:01,Pass,None
QA9487383,R0002387,2025-11-23 23:31:51,Pass,None
QA6518694,R0002393,2025-11-23 18:57:08,Pass,None
QA9505621,R0002405,2025-11-23 16:51:51,Pass,None
QA3239109,R0002416,2025-11-25 00:43:28,Pass,None
QA7808965,R0002419,2025-11-24 19:49:33,Fail,Delay
QA2643968,R0002422,2025-11-24 12:36:08,Pass,None
QA3792939,R0002426,2025-11-24 18:44:41,Pass,None
QA9724406,R0002431,2025-11-24 17:00:13,Pass,None
QA7494576,R0002445,2025-11-24 22:20:18,Pass,None
QA2538981,R0002452,2025-11-24 15:22:40,Pass,None
QA2087263,R0002456,2025-11-24 15:18:35,Pass,None
QA2353948,R0002472,2025-11-24 14:18:15,Pass,None
QA7449340,R0002473,2025-11-24 16:59:43,Pass,None
QA9533904,R0002493,2025-11-24 18:45:39,Pass,None
QA6297461,R0002494,2025-11-24 22:29:18,Pass,None
QA4762316,R0002499,2025-11-25 02:36:38,Pass,None
QA8884770,R0002503,2025-11-24 15:29:01,Pass,None
QA2983111,R0002504,2025-11-24 12:56:54,Pass,None
QA5971730,R0002507,2025-11-24 21:28:11,Pass,None
QA8334208,R0002508,2025-11-24 23:57:48,Pass,None
QA1069530,R0002512,2025-11-24 20:04:34,Pass,None
QA8964252,R0002517,2025-11-24 22:41:11,Pass,None
QA9498106,R0002518,2025-11-25 00:16:50,Pass,None
QA1208194,R0002520,2025-11-24 23:56:18,Pass,None
QA9877911,R0002521,2025-11-24 12:34:52,Pass,None
QA6239341,R0002527,2025-11-24 21:54:36,Pass,None
QA1057111,R0002530,2025-11-25 02:14:53,Pass,None
QA1852171,R0002546,2025-11-24 22:51:26,Pass,None
QA4827685,R0002550,2025-11-24 21:04:47,Pass,None
QA8790522,R0002559,2025-11-25 01:09:24,Pass,None
QA6559778,R0002566,2025-11-24 15:04:03,Fail,IncorrectService
QA5328677,R0002574,2025-11-24 15:20:39,Pass,None
QA2768850,R0002579,2025-11-24 18:50:14,Pass,None
QA4828743,R0002581,2025-11-24 11:10:00,Pass,None
QA3282424,R0002594,2025-11-25 01:20:17,Pass,None
QA5758373,R0002605,2025-11-24 20:38:39,Pass,None
QA8232636,R0002606,2025-11-24 21:07:09,Pass,None
QA9308453,R0002612,2025-11-24 13:19:59,Pass,None
QA9464787,R0002614,2025-11-24 15:44:34,Pass,None
QA7848029,R0002617,2025-11-24 13:15:49,Pass,None
QA6636489,R0002620,2025-11-24 18:51:50,Pass,None
QA6681113,R0002629,2025-11-24 13:54:15,Pass,None
QA7751249,R0002632,2025-11-25 10:39:03,Pass,None
QA5871411,R0002633,2025-11-25 21:42:05,Fail,MissingInfo
QA5763200,R0002642,2025-11-26 01:52:30,Pass,None
QA9532589,R0002643,2025-11-25 21:03:49,Pass,None
QA9066078,R0002660,2025-11-25 21:19:21,Pass,None
QA3241752,R0002679,2025-11-25 11:32:03,Pass,None
QA2799848,R0002687,2025-11-25 18:08:27,Pass,None
QA7573949,R0002691,2025-11-25 16:59:41,Pass,None
QA1853075,R0002699,2025-11-25 21:11:27,Pass,None
QA4274025,R0002700,2025-11-25 23:37:43,Pass,None
QA7231326,R0002713,2025-11-25 23:15:43,Pass,None
QA1448353,R0002715,2025-11-25 17:13:47,Pass,None
QA2681471,R0002720,2025-11-26 00:40:27,Pass,None
QA6491499,R0002731,2025-11-25 12:09:02,Pass,None
QA9368313,R0002741,2025-11-25 15:06:38,Pass,None
QA1315004,R0002742,2025-11-25 17:07:02,Pass,None
QA1566138,R0002748,2025-11-25 14:43:51,Pass,None
QA3836909,R0002750,2025-11-25 23:05:13,Pass,None
QA6974220,R0002761,2025-11-25 23:39:43,Fail,Delay
QA4747108,R0002768,2025-11-26 00:10:51,Pass,None
QA8733677,R0002770,2025-11-25 18:30:08,Pass,None
QA4682296,R0002776,2025-11-26 00:12:44,Pass,None
QA1859588,R0002779,2025-11-25 18:46:05,Pass,None
QA8012707,R0002783,2025-11-25 10:02:36,Pass,None
QA7447562,R0002785,2025-11-26 01:43:07,Pass,None
QA8491245,R0002786,2025-11-26 00:21:58,Pass,None
QA3717216,R0002788,2025-11-25 23:31:03,Pass,None
QA7897021,R0002795,2025-11-25 17:32:12,Pass,None
QA1000182,R0002797,2025-11-25 14:43:16,Pass,None
QA4376733,R0002812,2025-11-25 19:16:21,Fail,MissingInfo
QA2581737,R0002819,2025-11-25 15:28:33,Pass,None
QA2490592,R0002822,2025-11-25 13:36:56,Pass,None
QA6315851,R0002837,2025-11-25 12:02:40,Pass,None
QA3851845,R0002841,2025-11-25 19:34:50,Pass,None
QA1908629,R0002848,2025-11-25 21:36:08,Pass,None
QA4326800,R0002852,2025-11-25 21:37:47,Pass,None
QA4015579,R0002853,2025-11-26 00:54:24,Pass,None
QA2499405,R0002854,2025-11-25 21:50:44,Pass,None
QA1352416,R0002856,2025-11-26 22:05:31,Fail,Delay
QA1300460,R0002857,2025-11-26 22:10:31,Pass,None
QA2884124,R0002861,2025-11-27 02:11:19,Pass,None
QA7266181,R0002863,2025-11-26 17:33:51,Pass,None
QA9067156,R0002870,2025-11-26 21:37:12,Fail,MissingInfo
QA9892650,R0002888,2025-11-26 22:20:30,Pass,None
QA3446879,R0002892,2025-11-26 15:00:54,Fail,Delay
QA8998203,R0002897,2025-11-26 12:04:44,Pass,None
QA4965593,R0002904,2025-11-26 21:36:12,Pass,None
QA1946393,R0002919,2025-11-26 15:08:54,Pass,None
QA4948033,R0002920,2025-11-26 10:12:08,Pass,None
QA3123008,R0002923,2025-11-27 01:36:49,Pass,None
QA5412758,R0002924,2025-11-26 13:47:36,Pass,None
QA5211715,R0002925,2025-11-26 15:46:37,Fail,Delay
QA1356875,R0002928,2025-11-26 11:14:45,Pass,None
QA7429871,R0002929,2025-11-26 12:29:02,Pass,None
QA4728932,R0002943,2025-11-26 16:07:59,Pass,None
QA7397405,R0002954,2025-11-26 14:30:08,Pass,None
QA8238671,R0002956,2025-11-26 23:57:48,Pass,None
QA7712266,R0002969,2025-11-26 11:12:07,Fail,Delay
QA5540662,R0002975,2025-11-26 21:53:58,Pass,None
QA9047044,R0002987,2025-11-26 20:04:39,Pass,None
QA2795531,R0002992,2025-11-27 00:19:42,Pass,None
QA7491810,R0002994,2025-11-26 16:42:08,Pass,None
QA3660461,R0002995,2025-11-26 09:06:39,Pass,None
QA9444992,R0002998,2025-11-26 16:20:08,Pass,None
QA6973009,R0003017,2025-11-26 16:19:44,Pass,None
QA1060772,R0003021,2025-11-26 18:47:48,Pass,None
QA9280529,R0003029,2025-11-26 22:06:30,Pass,None
QA1620334,R0003033,2025-11-26 15:23:31,Pass,None
QA6646384,R0003035,2025-11-26 11:21:31,Pass,None
QA2603565,R0003041,2025-11-27 16:22:51,Pass,None
QA5494086,R0003044,2025-11-27 18:40:00,Pass,None
QA4134747,R0003059,2025-11-28 00:14:00,Pass,None
QA7998953,R0003068,2025-11-27 19:00:25,Fail,Delay
QA4377004,R0003077,2025-11-27 12:37:35,Pass,None
QA1051458,R0003083,2025-11-27 13:02:11,Pass,None
QA6374857,R0003085,2025-11-27 19:02:01,Pass,None
QA2252655,R0003089,2025-11-27 18:03:39,Pass,None
QA5870714,R0003090,2025-11-27 21:41:30,Pass,None
QA4878362,R0003094,2025-11-27 17:18:39,Pass,None
QA7834320,R0003099,2025-11-27 13:03:33,Pass,None
QA3500606,R0003106,2025-11-28 02:20:42,Pass,None
QA3027656,R0003108,2025-11-27 11:58:39,Pass,None
QA2613411,R0003110,2025-11-27 22:11:31,Pass,None
QA9957700,R0003111,2025-11-27 23:46:22,Pass,None
QA3316875,R0003120,2025-11-27 20:49:07,Pass,None
QA5201383,R0003127,2025-11-27 17:57:28,Pass,None
QA4529074,R0003135,2025-11-28 01:21:50,Pass,None
QA9219383,R0003142,2025-11-28 00:12:55,Pass,None
QA1014980,R0003144,2025-11-27 12:25:23,Pass,None
QA6627137,R0003180,2025-11-27 08:06:31,Pass,None
QA8191512,R0003192,2025-11-27 10:52:45,Pass,None
QA8395070,R0003193,2025-11-27 12:51:54,Pass,None
QA7086170,R0003200,2025-11-28 00:04:37,Pass,None
QA8744398,R0003206,2025-11-27 19:38:14,Pass,None
QA5873788,R0003211,2025-11-27 18:50:22,Pass,None
QA4550470,R0003218,2025-11-27 12:57:19,Pass,None
QA7261224,R0003226,2025-11-27 14:15:34,Pass,None
QA1141756,R0003238,2025-11-27 12:57:08,Pass,None
QA6338766,R0003240,2025-11-27 22:08:12,Pass,None
QA5704797,R0003242,2025-11-27 18:27:06,Pass,None
QA2326935,R0003249,2025-11-27 17:21:17,Pass,None
QA6785333,R0003253,2025-11-27 08:30:57,Pass,None
QA5188230,R0003254,2025-11-27 11:53:45,Pass,None
QA5891196,R0003257,2025-11-27 14:45:23,Fail,IncorrectService
QA2407946,R0003277,2025-11-27 11:05:35,Pass,None
QA3264867,R0003278,2025-11-27 23:10:52,Pass,None
QA9021615,R0003281,2025-11-27 12:45:44,Pass,None
QA6068290,R0003286,2025-11-27 15:46:38,Pass,None
QA4697080,R0003287,2025-11-27 22:31:16,Pass,None
QA8441311,R0003288,2025-11-27 16:48:41,Pass,None
QA4670055,R0003298,2025-11-28 17:58:34,Pass,None
QA7092096,R0003307,2025-11-28 22:40:57,Pass,None
QA1267944,R0003312,2025-11-28 16:52:04,Pass,None
QA7151781,R0003314,2025-11-28 23:07:43,Fail,Delay
QA9336275,R0003333,2025-11-29 01:20:06,Pass,None
QA7392347,R0003347,2025-11-28 09:16:23,Pass,None
QA8042569,R0003348,2025-11-28 14:45:18,Pass,None
QA5014267,R0003367,2025-11-28 14:51:09,Pass,None
QA2211513,R0003383,2025-11-28 22:09:53,Pass,None
QA1566626,R0003385,2025-11-28 11:34:20,Pass,None
QA7270689,R0003386,2025-11-28 11:59:33,Pass,None
QA4712385,R0003396,2025-11-28 23:57:07,Fail,Rework
QA3719562,R0003403,2025-11-28 21:20:52,Pass,None
QA5530718,R0003406,2025-11-28 12:15:01,Pass,None
QA9914105,R0003413,2025-11-28 13:30:20,Pass,None
QA9535900,R0003414,2025-11-29 00:03:59,Pass,None
QA6375376,R0003415,2025-11-28 15:44:03,Pass,None
QA8618131,R0003418,2025-11-29 02:30:34,Pass,None
QA6486052,R0003429,2025-11-28 20:26:46,Pass,None
QA4711023,R0003433,2025-11-28 14:27:17,Pass,None
QA9805374,R0003437,2025-11-28 17:05:10,Pass,None
QA9810578,R0003447,2025-11-28 14:05:37,Pass,None
QA8928621,R0003457,2025-11-28 23:21:28,Pass,None
QA4566668,R0003461,2025-11-28 20:57:56,Pass,None
QA8819513,R0003472,2025-11-28 17:26:45,Pass,None
QA4454242,R0003481,2025-11-29 00:13:49,Pass,None
QA9399227,R0003487,2025-11-29 00:22:43,Fail,Delay
QA9315229,R0003490,2025-11-28 22:10:02,Pass,None
QA9483013,R0003494,2025-11-28 14:41:37,Pass,None
QA8616976,R0003495,2025-11-28 18:08:17,Pass,None
QA1715086,R0003500,2025-11-28 21:59:03,Pass,None
QA2143261,R0003501,2025-11-28 22:06:42,Pass,None
QA9425537,R0003506,2025-11-28 15:14:02,Pass,None
QA7006048,R0003513,2025-11-28 19:34:34,Pass,None
QA5458416,R0003525,2025-11-28 21:37:50,Pass,None
QA9037125,R0003531,2025-11-28 21:51:58,Pass,None
QA5459640,R0003533,2025-11-28 10:45:05,Pass,None
QA2782423,R0003535,2025-11-28 14:06:43,Pass,None
QA8356703,R0003537,2025-11-28 17:14:30,Pass,None
QA9160573,R0003570,2025-11-29 22:11:51,Pass,None
QA2835017,R0003572,2025-11-29 19:53:11,Pass,None
QA9587810,R0003575,2025-11-29 19:21:42,Pass,None
QA8522059,R0003580,2025-11-29 19:06:35,Pass,None
QA5495986,R0003585,2025-11-29 22:37:01,Pass,None
QA7009414,R0003588,2025-11-29 22:58:49,Pass,None
QA9176793,R0003589,2025-11-29 23:50:28,Pass,None
QA2125246,R0003592,2025-11-29 13:43:22,Pass,None
QA6799054,R0003606,2025-11-29 09:25:06,Pass,None
QA2747410,R0003613,2025-11-29 15:55:55,Pass,None
QA5734349,R0003619,2025-11-29 10:02:40,Pass,None
QA8756075,R0003647,2025-11-29 21:07:24,Pass,None
QA5264297,R0003656,2025-11-29 21:44:36,Pass,None
QA6248216,R0003659,2025-11-29 14:06:08,Pass,None
QA6102628,R0003661,2025-11-29 15:00:46,Pass,None
QA3092707,R0003679,2025-11-29 16:02:06,Pass,None
QA7445105,R0003682,2025-11-29 20:54:24,Pass,None
QA4820281,R0003686,2025-11-29 18:47:36,Pass,None
QA2552895,R0003691,2025-11-29 09:43:37,Pass,None
QA4102885,R0003698,2025-11-29 10:03:40,Pass,None
QA5614346,R0003699,2025-11-29 14:23:08,Pass,None
QA1691923,R0003702,2025-11-29 16:08:15,Pass,None
QA6118762,R0003708,2025-11-29 21:47:30,Pass,None
QA6263302,R0003719,2025-11-29 20:16:21,Pass,None
QA7481291,R0003744,2025-11-29 21:00:19,Pass,None
QA7536537,R0003746,2025-11-29 11:36:23,Pass,None
QA2355821,R0003749,2025-11-30 01:40:41,Pass,None
QA8671696,R0003752,2025-11-30 00:13:38,Fail,MissingInfo
QA1091195,R0003753,2025-11-29 21:30:25,Pass,None
QA9310739,R0003754,2025-11-29 22:25:07,Pass,None
QA7713318,R0003763,2025-11-29 23:44:43,Pass,None
QA6658999,R0003767,2025-11-29 21:13:12,Pass,None
QA5070524,R0003779,2025-11-29 10:01:03,Pass,None
QA6415054,R0003789,2025-11-29 17:07:17,Pass,None
QA9054376,R0003792,2025-11-29 09:38:06,Pass,None
QA1703336,R0003800,2025-11-29 13:30:25,Pass,None
QA3745966,R0003815,2025-11-29 21:49:34,Pass,None
QA3822367,R0003821,2025-11-29 23:04:23,Pass,None
QA9410572,R0003829,2025-11-29 23:55:42,Pass,None
QA4672676,R0003840,2025-11-30 01:49:09,Pass,None
QA7551203,R0003850,2025-11-29 23:52:06,Pass,None
QA6561140,R0003851,2025-11-29 23:19:00,Pass,None
QA2322628,R0003854,2025-11-29 17:56:43,Pass,None
QA7489057,R0003865,2025-11-29 13:19:04,Pass,None
QA6711728,R0003873,2025-11-29 17:52:56,Pass,None
QA4157398,R0003876,2025-11-29 12:30:39,Pass,None
QA6390767,R0003882,2025-11-29 21:45:13,Pass,None
QA6046684,R0003887,2025-11-30 16:00:29,Pass,None
QA3462836,R0003888,2025-11-30 15:02:11,Pass,None
QA8351414,R0003899,2025-11-30 12:23:49,Pass,None
QA3089123,R0003912,2025-11-30 15:06:29,Pass,None
QA7994782,R0003932,2025-11-30 10:37:36,Pass,None
QA5881841,R0003939,2025-12-01 01:34:37,Pass,None
QA1554040,R0003946,2025-11-30 15:17:22,Pass,None
QA1336392,R0003947,2025-11-30 11:19:56,Pass,None
QA7164259,R0003956,2025-11-30 14:35:07,Pass,None
QA1937231,R0003971,2025-11-30 20:58:44,Pass,None
QA9033257,R0003978,2025-11-30 21:10:03,Pass,None
QA4584218,R0003982,2025-11-30 13:49:58,Fail,Delay
QA1208242,R0003983,2025-11-30 18:03:00,Pass,None
QA8795175,R0003994,2025-11-30 17:59:04,Pass,None
QA7349859,R0003995,2025-11-30 14:23:16,Pass,None
QA2665902,R0003996,2025-11-30 21:20:12,Fail,Delay
QA1938670,R0004006,2025-11-30 12:32:53,Pass,None
QA7552350,R0004010,2025-11-30 16:10:56,Pass,None
QA8972291,R0004013,2025-12-01 00:17:20,Pass,None
QA4592180,R0004021,2025-12-01 00:13:41,Pass,None
QA4493631,R0004022,2025-11-30 22:20:55,Pass,None
QA5760626,R0004024,2025-11-30 22:54:55,Pass,None
QA9531864,R0004030,2025-11-30 21:48:55,Pass,None
QA6066537,R0004036,2025-11-30 20:48:44,Pass,None
QA4737105,R0004050,2025-11-30 19:20:03,Pass,None
QA6874941,R0004056,2025-11-30 17:01:47,Pass,None
QA3658308,R0004074,2025-11-30 15:02:32,Pass,None
QA1887362,R0004076,2025-11-30 15:31:42,Pass,None
QA6083513,R0004079,2025-11-30 12:22:48,Pass,None
QA9771697,R0004081,2025-11-30 19:53:40,Pass,None
QA4067446,R0004085,2025-12-01 01:53:52,Pass,None
QA9659688,R0004087,2025-11-30 10:30:09,Pass,None
QA4637284,R0004089,2025-11-30 22:22:19,Fail,Delay
QA6933969,R0004091,2025-11-30 11:21:10,Pass,None
QA6766879,R0004108,2025-11-30 19:34:03,Pass,None
QA4099137,R0004111,2025-11-30 21:22:38,Pass,None
QA5735872,R0004123,2025-11-30 22:05:37,Pass,None
QA4290691,R0004127,2025-11-30 16:33:25,Pass,None
QA5959004,R0004128,2025-11-30 20:53:28,Fail,MissingInfo
QA3173033,R0004136,2025-11-30 16:47:08,Pass,None
QA1805468,R0004138,2025-11-30 19:55:07,Pass,None
QA9545399,R0004143,2025-11-30 22:45:02,Pass,None
QA3171184,R0004148,2025-11-30 14:02:20,Pass,None
QA5487632,R0004155,2025-11-30 20:38:18,Fail,MissingInfo
QA9824399,R0004157,2025-12-01 00:59:00,Pass,None
QA5732502,R0004163,2025-11-30 20:54:11,Pass,None
QA2609988,R0004166,2025-11-30 19:13:59,Pass,None
QA4322593,R0004172,2025-11-30 21:34:50,Pass,None
QA1335262,R0004175,2025-11-30 23:54:16,Pass,None
QA8335963,R0004179,2025-12-01 01:29:15,Pass,None
QA9827200,R0004196,2025-11-30 23:02:01,Fail,MissingInfo
QA4702975,R0004198,2025-11-30 15:47:04,Pass,None
QA2612171,R0004200,2025-11-30 20:51:26,Fail,Delay
QA1504327,R0004202,2025-11-30 22:25:05,Pass,None
QA8102480,R0004205,2025-12-01 15:38:45,Pass,None
QA5525029,R0004212,2025-12-01 14:24:23,Pass,None
QA4814872,R0004218,2025-12-01 14:50:55,Pass,None
QA7214548,R0004233,2025-12-01 20:17:48,Pass,None
QA2853612,R0004243,2025-12-02 01:05:59,Pass,None
QA7634061,R0004255,2025-12-01 22:00:22,Pass,None
QA3515825,R0004259,2025-12-01 17:24:16,Pass,None
QA8914734,R0004261,2025-12-01 13:24:37,Pass,None
QA8734066,R0004264,2025-12-01 09:18:39,Pass,None
QA6216319,R0004279,2025-12-01 23:27:46,Pass,None
QA4408895,R0004291,2025-12-01 23:29:15,Pass,None
QA2056232,R0004296,2025-12-01 17:40:31,Pass,None
QA6135003,R0004306,2025-12-01 15:47:54,Pass,None
QA9923817,R0004309,2025-12-02 01:08:43,Pass,None
QA7445812,R0004311,2025-12-01 14:41:49,Pass,None
QA1257034,R0004312,2025-12-01 16:09:18,Pass,None
QA7490817,R0004324,2025-12-01 22:56:09,Pass,None
QA8730164,R0004326,2025-12-01 13:58:30,Pass,None
QA1857718,R0004334,2025-12-01 20:54:43,Pass,None
QA5280765,R0004337,2025-12-01 10:55:33,Pass,None
QA8901538,R0004341,2025-12-02 00:06:10,Pass,None
QA5730135,R0004350,2025-12-01 18:10:26,Pass,None
QA5359520,R0004364,2025-12-01 15:20:33,Pass,None
QA7121788,R0004369,2025-12-02 00:16:41,Pass,None
QA6462044,R0004373,2025-12-01 12:09:26,Pass,None
QA1063956,R0004374,2025-12-01 10:13:17,Pass,None
QA4682605,R0004375,2025-12-01 20:38:48,Fail,Rework
QA1411876,R0004398,2025-12-01 19:23:29,Pass,None
QA2256422,R0004412,2025-12-01 14:04:42,Pass,None
QA8518008,R0004414,2025-12-01 23:33:05,Pass,None
QA5816570,R0004415,2025-12-01 11:45:09,Pass,None
QA9035050,R0004420,2025-12-01 22:37:31,Pass,None
QA8260763,R0004421,2025-12-01 16:56:26,Pass,None
QA3027011,R0004422,2025-12-01 14:09:36,Pass,None
QA3261780,R0004424,2025-12-01 17:21:36,Pass,None
QA5932468,R0004434,2025-12-02 20:42:05,Pass,None
QA1231117,R0004480,2025-12-02 15:27:29,Pass,None
QA4424482,R0004484,2025-12-02 20:00:32,Pass,None
QA1654527,R0004485,2025-12-02 09:00:20,Fail,Delay
QA7848347,R0004493,2025-12-02 22:49:44,Pass,None
QA7943072,R0004500,2025-12-02 19:58:11,Pass,None
QA9477603,R0004507,2025-12-03 03:08:16,Pass,None
QA1943828,R0004511,2025-12-03 01:27:56,Pass,None
QA6581279,R0004531,2025-12-02 18:23:24,Pass,None
QA5144498,R0004534,2025-12-02 19:20:36,Pass,None
QA3798633,R0004538,2025-12-02 12:42:13,Pass,None
QA1304320,R0004544,2025-12-02 13:38:18,Pass,None
QA7664085,R0004551,2025-12-02 12:35:02,Pass,None
QA2445925,R0004553,2025-12-02 19:51:54,Pass,None
QA6112849,R0004556,2025-12-02 21:06:53,Pass,None
QA1810057,R0004563,2025-12-02 20:07:39,Pass,None
QA2584570,R0004570,2025-12-02 14:44:06,Pass,None
QA9205600,R0004571,2025-12-03 00:18:12,Pass,None
QA5914859,R0004577,2025-12-02 21:54:21,Pass,None
QA2670397,R0004580,2025-12-02 16:33:31,Fail,MissingInfo
QA1401747,R0004588,2025-12-02 19:25:33,Pass,None
QA5098556,R0004594,2025-12-02 19:06:55,Pass,None
QA8082549,R0004595,2025-12-03 02:26:18,Pass,None
QA3276120,R0004615,2025-12-02 20:42:40,Pass,None
QA6681891,R0004625,2025-12-03 00:16:28,Pass,None
QA5611890,R0004628,2025-12-02 23:23:16,Pass,None
QA9749629,R0004629,2025-12-02 15:17:28,Fail,Delay
QA1440472,R0004632,2025-12-02 23:19:12,Pass,None
QA6186391,R0004639,2025-12-02 16:08:01,Pass,None
QA2660878,R0004641,2025-12-02 13:20:49,Pass,None
QA6438444,R0004643,2025-12-02 15:33:08,Pass,None
QA1550168,R0004645,2025-12-02 22:45:14,Pass,None
QA9521997,R0004646,2025-12-02 21:48:15,Pass,None
QA1343312,R0004648,2025-12-02 11:51:08,Pass,None
QA2009954,R0004650,2025-12-02 21:49:52,Pass,None
QA4194376,R0004655,2025-12-02 21:18:37,Pass,None
QA4451841,R0004658,2025-12-04 00:38:05,Pass,None
QA9149252,R0004665,2025-12-03 15:35:16,Pass,None
QA7007396,R0004674,2025-12-03 13:58:10,Pass,None
QA6964226,R0004677,2025-12-03 20:10:59,Fail,Delay
QA9342380,R0004692,2025-12-03 21:31:53,Pass,None
QA1668456,R0004696,2025-12-03 20:54:57,Pass,None
QA7098634,R0004703,2025-12-03 16:30:05,Pass,None
QA9305816,R0004705,2025-12-03 21:45:36,Pass,None
QA7551644,R0004712,2025-12-03 22:18:39,Pass,None
QA9551250,R0004718,2025-12-03 13:26:35,Pass,None
QA7000042,R0004728,2025-12-03 10:13:40,Pass,None
QA8510800,R0004729,2025-12-03 22:25:47,Fail,Delay
QA7142363,R0004735,2025-12-03 15:37:50,Pass,None
QA2339929,R0004742,2025-12-03 12:03:15,Pass,None
QA3470734,R0004749,2025-12-03 21:17:22,Pass,None
QA8155939,R0004750,2025-12-03 13:14:08,Pass,None
QA1475741,R0004756,2025-12-03 15:58:47,Pass,None
QA4368779,R0004758,2025-12-03 13:53:17,Fail,Delay
QA5869755,R0004770,2025-12-03 17:22:49,Pass,None
QA8150189,R0004783,2025-12-03 14:40:45,Pass,None
QA9886700,R0004788,2025-12-03 22:57:26,Pass,None
QA3432880,R0004794,2025-12-03 23:45:24,Fail,Delay
QA8069024,R0004797,2025-12-03 23:16:20,Pass,None
QA6263879,R0004813,2025-12-03 17:55:49,Pass,None
QA3344771,R0004814,2025-12-03 22:20:16,Pass,None
QA1748782,R0004817,2025-12-03 20:52:57,Fail,IncorrectService
QA5129880,R0004818,2025-12-03 21:09:51,Pass,None
QA2091635,R0004823,2025-12-04 00:22:35,Pass,None
QA9469813,R0004831,2025-12-03 22:28:11,Pass,None
QA2996862,R0004840,2025-12-04 12:21:06,Pass,None
QA4307373,R0004842,2025-12-04 13:15:08,Pass,None
QA6938831,R0004845,2025-12-04 22:42:29,Pass,None
QA1222700,R0004846,2025-12-04 19:09:49,Pass,None
QA8316942,R0004848,2025-12-04 16:12:28,Pass,None
QA4451922,R0004852,2025-12-05 01:11:37,Pass,None
QA9145396,R0004858,2025-12-04 13:29:27,Pass,None
QA4098932,R0004859,2025-12-04 18:05:11,Pass,None
QA1308606,R0004863,2025-12-05 00:36:58,Pass,None
QA3070019,R0004864,2025-12-04 21:37:16,Pass,None
QA2213154,R0004872,2025-12-04 10:24:01,Pass,None
QA9416372,R0004875,2025-12-05 01:49:32,Pass,None
QA2011866,R0004880,2025-12-04 21:16:32,Pass,None
QA9488312,R0004882,2025-12-04 16:43:58,Pass,None
QA8246617,R0004885,2025-12-04 20:17:22,Pass,None
QA9309765,R0004890,2025-12-04 14:05:40,Pass,None
QA1133798,R0004901,2025-12-05 01:06:20,Pass,None
QA5086266,R0004905,2025-12-04 18:59:24,Pass,None
QA3900694,R0004911,2025-12-04 09:54:15,Pass,None
QA6336116,R0004934,2025-12-04 20:16:30,Pass,None
QA1356384,R0004938,2025-12-04 17:04:23,Pass,None
QA4185867,R0004955,2025-12-05 02:04:21,Pass,None
QA2463132,R0004963,2025-12-04 17:31:05,Pass,None
QA6569842,R0004965,2025-12-04 12:35:52,Pass,None
QA6513525,R0004971,2025-12-05 00:10:16,Pass,None
QA3659169,R0004972,2025-12-04 23:25:14,Pass,None
QA1567618,R0004977,2025-12-04 16:15:07,Pass,None
QA9128147,R0004984,2025-12-04 16:01:26,Pass,None
QA9972942,R0004987,2025-12-04 08:26:13,Pass,None
QA2120082,R0004998,2025-12-04 23:56:10,Pass,None
QA1580362,R0005003,2025-12-04 12:13:39,Pass,None
QA1331956,R0005009,2025-12-04 18:37:23,Pass,None
QA4803567,R0005014,2025-12-04 14:03:07,Pass,None
QA3307022,R0005016,2025-12-05 00:33:00,Pass,None
QA4438969,R0005027,2025-12-04 14:55:09,Pass,None
QA1535139,R0005034,2025-12-04 13:06:50,Pass,None
QA4932591,R0005039,2025-12-05 01:26:26,Pass,None
QA5400991,R0005044,2025-12-04 09:06:11,Fail,MissingInfo
QA6758007,R0005046,2025-12-04 22:12:45,Pass,None
QA1233301,R0005062,2025-12-05 18:04:29,Pass,None
QA2695187,R0005070,2025-12-05 20:43:04,Pass,None
QA1354920,R0005072,2025-12-05 20:37:57,Pass,None
QA3878468,R0005077,2025-12-05 12:57:26,Fail,MissingInfo
QA6808153,R0005095,2025-12-05 19:36:43,Pass,None
QA7388340,R0005097,2025-12-05 13:35:12,Pass,None
QA9054303,R0005110,2025-12-05 17:44:26,Pass,None
QA9917136,R0005111,2025-12-05 19:36:07,Pass,None
QA6757407,R0005112,2025-12-05 18:57:11,Pass,None
QA1092585,R0005125,2025-12-06 00:55:04,Pass,None
QA2846043,R0005133,2025-12-05 18:27:35,Pass,None
QA3427169,R0005134,2025-12-05 13:33:38,Pass,None
QA8044948,R0005138,2025-12-05 11:17:11,Pass,None
QA6115200,R0005142,2025-12-05 18:55:33,Pass,None
QA2781285,R0005143,2025-12-05 11:26:06,Pass,None
QA8924143,R0005149,2025-12-05 14:38:05,Pass,None
QA9854222,R0005151,2025-12-05 16:55:15,Pass,None
QA6543092,R0005157,2025-12-05 21:50:07,Pass,None
QA4381307,R0005158,2025-12-05 15:51:41,Fail,IncorrectService
QA6001495,R0005160,2025-12-05 16:38:37,Pass,None
QA9728662,R0005171,2025-12-05 22:55:13,Pass,None
QA7588805,R0005184,2025-12-05 20:48:52,Pass,None
QA6622917,R0005190,2025-12-05 23:21:20,Pass,None
QA8717068,R0005198,2025-12-05 16:27:37,Pass,None
QA3434357,R0005208,2025-12-05 12:12:26,Pass,None
QA7513855,R0005216,2025-12-05 23:53:32,Fail,Rework
QA6177854,R0005222,2025-12-05 18:59:27,Pass,None
QA3394387,R0005226,2025-12-05 11:27:05,Pass,None
QA9608690,R0005229,2025-12-05 21:08:35,Pass,None
QA6609234,R0005236,2025-12-06 01:33:58,Pass,None
QA2011678,R0005239,2025-12-05 13:46:39,Pass,None
QA3110566,R0005246,2025-12-05 21:45:05,Pass,None
QA6104357,R0005251,2025-12-05 14:18:42,Pass,None
QA1882486,R0005254,2025-12-05 20:17:45,Pass,None
QA5140296,R0005274,2025-12-05 16:02:58,Pass,None
QA9672591,R0005308,2025-12-05 19:52:06,Pass,None
QA6145971,R0005318,2025-12-05 11:09:31,Pass,None
QA2411901,R0005319,2025-12-05 11:34:08,Pass,None
QA8146239,R0005331,2025-12-06 12:48:04,Pass,None
QA6889765,R0005333,2025-12-06 17:30:28,Pass,None
QA8391035,R0005334,2025-12-06 21:57:18,Pass,None
QA5551925,R0005337,2025-12-06 16:14:22,Pass,None
QA6781210,R0005338,2025-12-06 12:47:38,Pass,None
QA2874864,R0005340,2025-12-07 02:44:10,Pass,None
QA1194629,R0005356,2025-12-06 21:32:00,Fail,Delay
QA3260127,R0005362,2025-12-06 19:46:41,Pass,None
QA8903352,R0005364,2025-12-06 14:44:19,Fail,MissingInfo
QA6267204,R0005374,2025-12-06 09:42:31,Pass,None
QA1647400,R0005375,2025-12-06 21:21:03,Pass,None
QA3173161,R0005379,2025-12-06 13:23:17,Pass,None
QA3565084,R0005385,2025-12-06 15:55:38,Pass,None
QA8999734,R0005398,2025-12-06 15:21:04,Pass,None
QA3116685,R0005400,2025-12-06 14:30:25,Pass,None
QA9988307,R0005406,2025-12-06 09:34:05,Pass,None
QA5328885,R0005411,2025-12-06 18:47:59,Pass,None
QA3646513,R0005414,2025-12-06 18:36:53,Pass,None
QA6784284,R0005434,2025-12-06 10:39:09,Pass,None
QA8862064,R0005444,2025-12-06 12:25:10,Pass,None
QA8037521,R0005457,2025-12-06 14:08:18,Pass,None
QA8021498,R0005460,2025-12-06 21:29:26,Pass,None
QA4068992,R0005461,2025-12-06 18:09:17,Pass,None
QA2129829,R0005483,2025-12-06 13:12:04,Pass,None
QA3125492,R0005485,2025-12-07 00:51:22,Pass,None
QA5924664,R0005490,2025-12-06 12:50:42,Pass,None
QA6364055,R0005491,2025-12-07 01:15:33,Pass,None
QA9158490,R0005509,2025-12-06 14:03:41,Pass,None
QA1582801,R0005516,2025-12-06 16:33:12,Pass,None
QA8527421,R0005520,2025-12-06 11:14:26,Pass,None
QA4520878,R0005530,2025-12-06 22:45:28,Pass,None
QA4178059,R0005533,2025-12-07 00:18:24,Pass,None
QA2964090,R0005535,2025-12-06 10:05:41,Pass,None
QA9411140,R0005543,2025-12-06 22:52:22,Pass,None
QA9980322,R0005547,2025-12-06 23:48:03,Pass,None
QA5675457,R0005559,2025-12-06 23:47:14,Pass,None
QA5374143,R0005562,2025-12-06 10:11:54,Pass,None
QA8106607,R0005569,2025-12-06 11:39:10,Pass,None
QA7512587,R0005570,2025-12-06 16:06:13,Pass,None
QA7423450,R0005575,2025-12-06 19:07:40,Pass,None
QA5890596,R0005586,2025-12-06 23:05:16,Pass,None
QA9221459,R0005590,2025-12-06 16:05:31,Pass,None
QA8847576,R0005591,2025-12-06 23:53:38,Pass,None
QA2738575,R0005592,2025-12-06 13:08:28,Pass,None
QA7309137,R0005602,2025-12-06 16:02:33,Pass,None
QA8673825,R0005606,2025-12-06 20:16:50,Pass,None
QA4913378,R0005608,2025-12-07 01:09:45,Pass,None
QA8961712,R0005609,2025-12-06 17:05:05,Pass,None
QA4782566,R0005626,2025-12-06 11:40:59,Pass,None
QA5619080,R0005638,2025-12-07 17:44:49,Pass,None
QA6671473,R0005647,2025-12-07 13:37:28,Fail,Delay
QA9766089,R0005653,2025-12-07 20:03:30,Pass,None
QA6263356,R0005657,2025-12-08 02:02:59,Pass,None
QA6946538,R0005663,2025-12-07 09:59:05,Pass,None
QA9207503,R0005688,2025-12-07 22:10:30,Pass,None
QA3168738,R0005689,2025-12-07 20:33:17,Pass,None
QA6627068,R0005694,2025-12-07 18:17:35,Pass,None
QA3965468,R0005696,2025-12-07 17:22:33,Fail,Rework
QA3267752,R0005707,2025-12-07 19:44:06,Fail,Delay
QA9303551,R0005710,2025-12-07 19:17:16,Pass,None
QA1506729,R0005720,2025-12-07 21:48:14,Pass,None
QA3634171,R0005723,2025-12-07 21:36:16,Pass,None
QA2205862,R0005728,2025-12-07 20:48:17,Pass,None
QA4500950,R0005731,2025-12-08 00:02:26,Pass,None
QA8088265,R0005735,2025-12-07 19:40:55,Pass,None
QA3348525,R0005737,2025-12-07 13:55:13,Pass,None
QA8518323,R0005741,2025-12-07 20:33:31,Pass,None
QA5106738,R0005746,2025-12-07 15:15:03,Pass,None
QA5181232,R0005750,2025-12-07 14:43:58,Pass,None
QA6889105,R0005757,2025-12-07 20:21:31,Pass,None
QA1196317,R0005761,2025-12-07 15:33:18,Pass,None
QA3751759,R0005770,2025-12-07 22:22:32,Pass,None
QA1211044,R0005777,2025-12-08 00:27:56,Pass,None
QA7583157,R0005779,2025-12-07 14:15:27,Pass,None
QA6155017,R0005788,2025-12-07 20:40:24,Pass,None
QA4157487,R0005791,2025-12-07 18:53:12,Pass,None
QA3867981,R0005797,2025-12-07 13:06:16,Pass,None
QA2135688,R0005805,2025-12-07 23:35:17,Pass,None
QA9235747,R0005807,2025-12-07 17:37:53,Fail,Delay
QA3245339,R0005813,2025-12-07 19:14:25,Pass,None
QA7258591,R0005831,2025-12-07 11:02:14,Pass,None
QA7491665,R0005836,2025-12-07 23:34:53,Pass,None
QA9564597,R0005841,2025-12-07 14:26:37,Pass,None
QA9056966,R0005842,2025-12-07 14:43:19,Pass,None
QA2810772,R0005845,2025-12-08 02:31:33,Pass,None
QA2790112,R0005846,2025-12-07 16:04:59,Pass,None
QA9965267,R0005849,2025-12-07 12:17:59,Pass,None
QA5824369,R0005852,2025-12-08 01:00:43,Pass,None
QA1539310,R0005854,2025-12-08 01:36:45,Pass,None
QA8298364,R0005857,2025-12-07 15:15:44,Fail,Delay
QA9526357,R0005859,2025-12-08 01:20:57,Pass,None
QA2256083,R0005862,2025-12-07 12:02:42,Pass,None
QA4334854,R0005864,2025-12-07 16:33:07,Pass,None
QA6374243,R0005865,2025-12-07 12:40:56,Pass,None
QA3276835,R0005866,2025-12-07 10:03:04,Fail,Delay
QA4040868,R0005869,2025-12-07 10:12:57,Pass,None
QA1745853,R0005876,2025-12-07 18:58:36,Pass,None
QA5922023,R0005881,2025-12-07 21:43:42,Pass,None
QA8983299,R0005898,2025-12-08 00:34:40,Pass,None
QA9802607,R0005903,2025-12-07 15:39:40,Pass,None
QA6759668,R0005907,2025-12-07 16:39:00,Pass,None
QA6938077,R0005909,2025-12-07 15:47:09,Pass,None
QA9669274,R0005914,2025-12-07 21:04:00,Pass,None
QA5968343,R0005918,2025-12-07 21:29:49,Fail,Delay
QA7449710,R0005920,2025-12-07 12:52:49,Pass,None
QA5332563,R0005929,2025-12-07 12:31:07,Pass,None
QA5384863,R0005933,2025-12-07 13:20:52,Pass,None
QA6400581,R0005934,2025-12-07 19:31:34,Pass,None
QA9662309,R0005943,2025-12-08 22:24:32,Pass,None
QA4880984,R0005947,2025-12-08 23:29:19,Pass,None
QA7718482,R0005959,2025-12-09 02:01:33,Pass,None
QA4833949,R0005967,2025-12-08 20:23:00,Pass,None
QA3558804,R0005971,2025-12-09 00:07:18,Pass,None
QA5625165,R0005994,2025-12-08 19:08:22,Pass,None
QA4308478,R0006006,2025-12-08 17:33:07,Pass,None
QA6603383,R0006011,2025-12-08 16:47:27,Pass,None
QA9531119,R0006014,2025-12-08 17:12:24,Pass,None
QA6382657,R0006016,2025-12-08 14:13:28,Pass,None
QA1534396,R0006021,2025-12-08 15:47:07,Pass,None
QA8706264,R0006024,2025-12-08 11:46:00,Pass,None
QA8065703,R0006034,2025-12-08 13:45:31,Pass,None
QA4700950,R0006050,2025-12-08 20:53:48,Pass,None
QA3768959,R0006051,2025-12-09 01:17:47,Pass,None
QA7923431,R0006055,2025-12-09 02:50:46,Fail,Rework
QA6262763,R0006060,2025-12-08 18:43:52,Fail,Rework
QA8896475,R0006066,2025-12-08 08:02:35,Pass,None
QA8426035,R0006070,2025-12-08 21:47:56,Pass,None
QA5785601,R0006089,2025-12-08 14:01:07,Pass,None
QA8688644,R0006090,2025-12-08 18:49:35,Pass,None
QA7550175,R0006091,2025-12-08 18:28:56,Pass,None
QA7245681,R0006094,2025-12-08 08:34:54,Pass,None
QA5641453,R0006103,2025-12-08 21:50:23,Fail,MissingInfo
QA6062297,R0006104,2025-12-08 16:21:22,Pass,None
QA7587734,R0006109,2025-12-08 20:22:04,Pass,None
QA6459441,R0006122,2025-12-09 00:35:12,Pass,None
QA9936778,R0006132,2025-12-08 15:28:18,Pass,None
QA2456727,R0006136,2025-12-08 22:51:38,Pass,None
QA9296359,R0006141,2025-12-08 21:30:16,Pass,None
QA1828255,R0006146,2025-12-08 14:43:00,Pass,None
QA8388115,R0006149,2025-12-08 23:12:21,Pass,None
QA4555540,R0006162,2025-12-09 22:03:22,Fail,IncorrectService
QA4289527,R0006186,2025-12-09 16:05:27,Pass,None
QA4587548,R0006200,2025-12-09 12:35:10,Fail,MissingInfo
QA1854937,R0006205,2025-12-09 15:22:05,Pass,None
QA6186106,R0006209,2025-12-09 10:27:17,Pass,None
QA9600402,R0006210,2025-12-10 01:02:58,Pass,None
QA2142096,R0006214,2025-12-09 11:38:17,Pass,None
QA2550746,R0006215,2025-12-09 11:14:48,Pass,None
QA5514217,R0006216,2025-12-09 10:45:10,Pass,None
QA3191166,R0006227,2025-12-09 22:32:57,Pass,None
QA7998438,R0006231,2025-12-09 12:40:27,Pass,None
QA8976320,R0006245,2025-12-09 20:48:52,Pass,None
QA8828978,R0006253,2025-12-10 01:42:57,Pass,None
QA8434295,R0006259,2025-12-09 22:05:59,Pass,None
QA4844288,R0006268,2025-12-09 11:00:20,Pass,None
QA9009599,R0006275,2025-12-10 01:52:35,Pass,None
QA3228128,R0006279,2025-12-09 14:26:04,Pass,None
QA9679386,R0006294,2025-12-09 23:25:49,Pass,None
QA9192756,R0006311,2025-12-09 14:38:19,Pass,None
QA4162222,R0006321,2025-12-09 20:48:17,Pass,None
QA2585117,R0006326,2025-12-09 09:37:51,Pass,None
QA9766392,R0006328,2025-12-09 20:51:38,Pass,None
QA4164896,R0006343,2025-12-09 22:48:27,Pass,None
QA5652349,R0006352,2025-12-09 20:09:54,Pass,None
QA3656826,R0006354,2025-12-09 17:22:41,Pass,None
QA7295415,R0006355,2025-12-09 14:16:29,Pass,None
QA4198968,R0006363,2025-12-09 21:47:41,Fail,IncorrectService
QA6571597,R0006367,2025-12-09 13:18:07,Fail,MissingInfo
QA7313812,R0006370,2025-12-09 17:58:56,Pass,None
QA6455957,R0006389,2025-12-10 21:37:36,Pass,None
QA9189945,R0006398,2025-12-10 11:28:59,Pass,None
QA4586034,R0006414,2025-12-10 22:58:47,Pass,None
QA3447289,R0006415,2025-12-10 23:28:06,Pass,None
QA2317277,R0006424,2025-12-10 21:10:04,Pass,None
QA9064525,R0006432,2025-12-10 20:22:20,Pass,None
QA5814386,R0006433,2025-12-11 01:45:38,Pass,None
QA1323601,R0006443,2025-12-10 17:58:47,Pass,None
QA5468765,R0006464,2025-12-10 19:14:46,Pass,None
QA5141338,R0006470,2025-12-10 16:01:10,Fail,IncorrectService
QA2502147,R0006472,2025-12-11 03:24:58,Pass,None
QA1283280,R0006483,2025-12-10 15:18:41,Pass,None
QA9440856,R0006488,2025-12-10 19:11:38,Pass,None
QA4349287,R0006491,2025-12-10 11:18:31,Fail,Rework
QA5781839,R0006492,2025-12-10 18:40:24,Pass,None
QA4894628,R0006493,2025-12-10 16:03:27,Pass,None
QA8449790,R0006518,2025-12-10 14:54:28,Pass,None
QA2509694,R0006522,2025-12-10 15:11:45,Pass,None
QA4648031,R0006528,2025-12-10 22:52:27,Pass,None
QA2137665,R0006534,2025-12-10 23:12:06,Pass,None
QA6541500,R0006535,2025-12-10 09:17:31,Pass,None
QA7725620,R0006537,2025-12-10 19:59:24,Pass,None
QA8847486,R0006539,2025-12-10 20:53:17,Pass,None
QA1473967,R0006540,2025-12-10 18:33:39,Pass,None
QA1189818,R0006542,2025-12-10 23:05:17,Pass,None
QA7960510,R0006544,2025-12-10 20:47:44,Pass,None
QA8138834,R0006546,2025-12-10 21:15:34,Pass,None
QA3798751,R0006549,2025-12-10 12:14:08,Pass,None
QA5136819,R0006550,2025-12-10 17:34:58,Pass,None
QA6669750,R0006552,2025-12-10 18:17:18,Pass,None
QA7545613,R0006557,2025-12-10 12:58:39,Pass,None
QA3319299,R0006559,2025-12-10 18:35:33,Fail,MissingInfo
QA3867540,R0006566,2025-12-10 13:01:31,Pass,None
QA5511020,R0006573,2025-12-10 14:51:24,Pass,None
QA8689115,R0006578,2025-12-10 19:37:28,Pass,None
QA5674816,R0006584,2025-12-10 19:37:33,Pass,None
QA7850244,R0006593,2025-12-11 21:38:45,Pass,None
QA6097501,R0006600,2025-12-11 23:19:31,Pass,None
QA5607033,R0006603,2025-12-11 21:44:03,Pass,None
QA2785507,R0006612,2025-12-11 18:45:12,Pass,None
QA9607181,R0006613,2025-12-12 01:03:40,Pass,None
QA9026151,R0006621,2025-12-11 20:45:00,Pass,None
QA9724416,R0006623,2025-12-11 22:55:48,Fail,Rework
QA5581557,R0006626,2025-12-11 16:34:52,Pass,None
QA7225622,R0006636,2025-12-11 21:16:26,Pass,None
QA1069358,R0006638,2025-12-11 17:25:21,Pass,None
QA1847927,R0006650,2025-12-11 11:15:36,Pass,None
QA1623951,R0006656,2025-12-11 22:25:21,Pass,None
QA4012422,R0006657,2025-12-11 18:02:47,Fail,IncorrectService
QA3068555,R0006667,2025-12-11 15:29:17,Pass,None
QA7650583,R0006671,2025-12-11 09:17:16,Pass,None
QA1649674,R0006684,2025-12-11 23:28:24,Pass,None
QA6886207,R0006708,2025-12-11 12:23:53,Pass,None
QA6060239,R0006718,2025-12-11 13:12:54,Pass,None
QA1052847,R0006725,2025-12-11 13:12:52,Pass,None
QA6589741,R0006736,2025-12-11 23:06:13,Pass,None
QA7414913,R0006740,2025-12-12 00:36:16,Pass,None
QA3299693,R0006742,2025-12-11 16:32:11,Pass,None
QA4680214,R0006769,2025-12-11 15:17:19,Pass,None
QA1845426,R0006773,2025-12-11 22:11:39,Pass,None
QA5489203,R0006800,2025-12-12 00:29:45,Pass,None
QA7543862,R0006802,2025-12-11 19:15:39,Pass,None
QA5122722,R0006822,2025-12-12 15:56:22,Pass,None
QA4841026,R0006825,2025-12-12 15:47:49,Pass,None
QA2205613,R0006844,2025-12-12 17:45:25,Pass,None
QA4443005,R0006846,2025-12-12 23:00:39,Pass,None
QA8905746,R0006847,2025-12-12 22:16:50,Pass,None
QA2136675,R0006849,2025-12-12 23:38:57,Fail,Delay
QA4485456,R0006855,2025-12-12 21:36:56,Pass,None
QA5760663,R0006868,2025-12-12 23:20:57,Fail,Rework
QA3760890,R0006898,2025-12-12 15:15:34,Pass,None
QA9468473,R0006905,2025-12-12 15:50:21,Pass,None
QA3827528,R0006923,2025-12-13 01:14:58,Pass,None
QA4091333,R0006936,2025-12-12 22:10:48,Pass,None
QA2481786,R0006938,2025-12-12 20:41:32,Pass,None
QA2413017,R0006939,2025-12-12 20:44:38,Pass,None
QA6115577,R0006943,2025-12-12 23:19:12,Pass,None
QA7502770,R0006946,2025-12-12 11:20:29,Pass,None
QA2654693,R0006947,2025-12-12 22:00:53,Pass,None
QA3109956,R0006953,2025-12-13 00:15:40,Pass,None
QA2785051,R0006959,2025-12-12 15:33:01,Pass,None
QA3930884,R0006968,2025-12-12 19:34:48,Pass,None
QA8141340,R0006974,2025-12-12 13:44:48,Pass,None
QA7876920,R0006979,2025-12-12 10:20:00,Pass,None
QA7739022,R0006981,2025-12-12 22:04:23,Pass,None
QA8934683,R0006988,2025-12-12 23:34:21,Pass,None
QA9893028,R0006990,2025-12-12 19:29:39,Pass,None
QA2810215,R0006999,2025-12-12 22:36:57,Pass,None
QA2860656,R0007002,2025-12-12 18:13:28,Pass,None
QA2933954,R0007004,2025-12-12 17:26:07,Pass,None
QA7105531,R0007006,2025-12-12 15:59:01,Pass,None
QA4439539,R0007008,2025-12-12 22:30:48,Pass,None
QA3520322,R0007012,2025-12-12 17:42:17,Pass,None
QA3158614,R0007017,2025-12-12 20:58:43,Pass,None
QA8408880,R0007022,2025-12-12 18:03:11,Pass,None
QA8258968,R0007024,2025-12-12 23:42:17,Pass,None
QA7933575,R0007027,2025-12-12 19:19:35,Pass,None
QA2885984,R0007038,2025-12-12 15:04:24,Pass,None
QA9013619,R0007040,2025-12-12 23:29:30,Pass,None
QA5572214,R0007048,2025-12-12 14:21:18,Pass,None
QA8846076,R0007049,2025-12-12 18:43:38,Pass,None
QA3963896,R0007059,2025-12-12 23:28:46,Pass,None
QA7546976,R0007063,2025-12-12 15:47:54,Pass,None
QA8357034,R0007064,2025-12-12 10:29:13,Pass,None
QA1746196,R0007070,2025-12-12 21:42:17,Pass,None
QA9216700,R0007077,2025-12-12 14:40:45,Pass,None
QA9946320,R0007078,2025-12-12 13:38:15,Pass,None
QA3726116,R0007081,2025-12-12 20:49:51,Pass,None
QA9460740,R0007089,2025-12-12 16:25:29,Pass,None
QA8960734,R0007095,2025-12-12 16:32:49,Pass,None
QA5867692,R0007097,2025-12-13 02:04:27,Pass,None
QA3359657,R0007100,2025-12-13 00:19:46,Pass,None
QA9977889,R0007103,2025-12-12 18:38:53,Pass,None
QA3041342,R0007106,2025-12-12 09:34:09,Pass,None
QA7179772,R0007107,2025-12-12 07:56:47,Pass,None
QA1970793,R0007122,2025-12-12 23:34:25,Pass,None
QA3817529,R0007125,2025-12-12 08:30:56,Pass,None
QA3851762,R0007128,2025-12-12 22:18:31,Pass,None
QA4778588,R0007132,2025-12-12 15:12:55,Pass,None
QA1764073,R0007133,2025-12-12 15:20:02,Pass,None
QA7167312,R0007136,2025-12-12 16:28:59,Pass,None
QA6337763,R0007142,2025-12-12 14:06:35,Pass,None
QA7135483,R0007180,2025-12-13 12:51:10,Pass,None
QA6294734,R0007185,2025-12-13 18:19:13,Pass,None
QA2276181,R0007196,2025-12-13 15:35:05,Fail,MissingInfo
QA5451590,R0007202,2025-12-13 18:44:15,Pass,None
QA6937401,R0007205,2025-12-13 10:42:07,Pass,None
QA1784429,R0007207,2025-12-13 11:06:13,Pass,None
QA4107583,R0007210,2025-12-13 20:07:58,Fail,Delay
QA7068560,R0007211,2025-12-13 18:35:25,Pass,None
QA8869008,R0007221,2025-12-13 19:47:59,Fail,IncorrectService
QA8525987,R0007224,2025-12-14 01:16:38,Pass,None
QA7160082,R0007245,2025-12-13 19:23:40,Pass,None
QA5731066,R0007246,2025-12-13 23:00:57,Pass,None
QA7909314,R0007251,2025-12-13 21:08:28,Pass,None
QA1113589,R0007275,2025-12-14 01:07:12,Pass,None
QA1471993,R0007289,2025-12-13 17:10:58,Pass,None
QA7579965,R0007293,2025-12-13 16:11:43,Pass,None
QA3664192,R0007300,2025-12-13 22:56:47,Pass,None
QA3543507,R0007315,2025-12-13 10:55:03,Pass,None
QA6915811,R0007317,2025-12-13 15:43:53,Pass,None
QA3719819,R0007324,2025-12-13 20:03:48,Pass,None
QA2705726,R0007326,2025-12-13 23:38:48,Pass,None
QA1276778,R0007338,2025-12-13 08:39:14,Pass,None
QA9812870,R0007352,2025-12-13 11:10:17,Pass,None
QA4347293,R0007355,2025-12-13 21:59:51,Fail,IncorrectService
QA1342883,R0007358,2025-12-13 22:47:18,Pass,None
QA8386852,R0007374,2025-12-13 20:01:47,Fail,Delay
QA5014333,R0007381,2025-12-13 22:15:16,Pass,None
QA3517778,R0007383,2025-12-13 23:47:41,Pass,None
QA8929091,R0007384,2025-12-14 02:10:46,Pass,None
QA2874898,R0007403,2025-12-13 14:44:54,Pass,None
QA5107916,R0007409,2025-12-13 21:54:04,Pass,None
QA4893514,R0007412,2025-12-13 18:17:14,Pass,None
QA5331557,R0007413,2025-12-14 00:19:36,Fail,IncorrectService
QA5198393,R0007415,2025-12-13 10:43:52,Pass,None
QA8321647,R0007428,2025-12-13 13:33:04,Pass,None
QA3376695,R0007433,2025-12-13 22:19:41,Pass,None
QA3239872,R0007434,2025-12-13 23:38:50,Pass,None
QA7101023,R0007440,2025-12-13 22:01:52,Pass,None
QA3389225,R0007441,2025-12-13 20:44:17,Pass,None
QA5891982,R0007444,2025-12-13 12:29:15,Pass,None
QA2474352,R0007449,2025-12-13 09:09:43,Pass,None
QA8649743,R0007450,2025-12-13 19:17:12,Pass,None
QA6303265,R0007455,2025-12-13 15:37:25,Pass,None
QA6719980,R0007458,2025-12-13 21:59:30,Pass,None
QA3286377,R0007469,2025-12-14 09:16:24,Pass,None
QA6339845,R0007474,2025-12-14 21:52:58,Pass,None
QA2816564,R0007481,2025-12-14 23:46:15,Pass,None
QA1680072,R0007500,2025-12-14 15:10:34,Pass,None
QA3008021,R0007506,2025-12-14 21:54:04,Pass,None
QA1935371,R0007509,2025-12-14 09:25:21,Pass,None
QA2154369,R0007514,2025-12-14 10:34:58,Pass,None
QA3695707,R0007522,2025-12-14 09:44:51,Pass,None
QA2248325,R0007525,2025-12-14 11:51:13,Pass,None
QA2622733,R0007534,2025-12-14 18:42:53,Pass,None
QA2918121,R0007540,2025-12-14 09:44:24,Pass,None
QA7853655,R0007546,2025-12-15 00:30:50,Fail,Rework
QA1251194,R0007551,2025-12-14 21:05:39,Pass,None
QA5744071,R0007554,2025-12-14 22:16:07,Pass,None
QA2469780,R0007559,2025-12-14 23:35:02,Pass,None
QA1265664,R0007562,2025-12-14 22:52:39,Pass,None
QA6629621,R0007563,2025-12-14 20:48:02,Pass,None
QA1035134,R0007573,2025-12-14 20:38:27,Pass,None
QA7694090,R0007575,2025-12-14 08:55:13,Pass,None
QA3009957,R0007576,2025-12-14 11:27:10,Pass,None
QA2637992,R0007586,2025-12-14 19:27:11,Pass,None
QA2541579,R0007587,2025-12-14 20:33:44,Fail,Delay
QA8676878,R0007588,2025-12-14 16:03:57,Pass,None
QA2895554,R0007595,2025-12-14 15:41:21,Pass,None
QA2980005,R0007597,2025-12-14 23:03:54,Pass,None
QA7888473,R0007598,2025-12-14 12:21:25,Pass,None
QA3258516,R0007604,2025-12-14 21:19:16,Pass,None
QA2195942,R0007607,2025-12-14 15:30:40,Pass,None
QA4934110,R0007615,2025-12-14 16:11:46,Pass,None
QA7527361,R0007616,2025-12-14 21:30:39,Pass,None
QA4777042,R0007624,2025-12-14 16:54:54,Pass,None
QA6940715,R0007629,2025-12-14 22:12:33,Pass,None
QA4849827,R0007635,2025-12-14 18:12:34,Pass,None
QA7226783,R0007639,2025-12-14 13:11:27,Pass,None
QA3710888,R0007648,2025-12-14 21:57:23,Pass,None
QA1585294,R0007651,2025-12-14 13:05:31,Pass,None
QA5196757,R0007652,2025-12-14 21:04:10,Pass,None
QA2959136,R0007659,2025-12-14 12:46:58,Pass,None
QA9652956,R0007672,2025-12-14 09:33:39,Pass,None
QA6140440,R0007674,2025-12-14 14:12:24,Pass,None
QA2473398,R0007677,2025-12-14 16:00:29,Pass,None
QA5002206,R0007680,2025-12-15 00:23:39,Pass,None
QA1586187,R0007687,2025-12-14 20:50:12,Pass,None
QA7250107,R0007689,2025-12-14 16:11:46,Pass,None
QA2243397,R0007692,2025-12-14 14:00:30,Fail,Delay
QA2016411,R0007695,2025-12-14 17:12:09,Pass,None
QA1468580,R0007713,2025-12-15 00:26:12,Pass,None
QA9385872,R0007714,2025-12-14 14:15:36,Pass,None
QA2802320,R0007719,2025-12-14 19:29:14,Pass,None
QA6455547,R0007720,2025-12-14 12:07:44,Pass,None
QA2878021,R0007722,2025-12-15 02:02:08,Pass,None
QA4053087,R0007724,2025-12-14 15:48:26,Fail,Rework
QA8396867,R0007728,2025-12-14 22:25:06,Pass,None
QA2467697,R0007741,2025-12-14 10:31:27,Pass,None
QA7174439,R0007752,2025-12-14 16:52:25,Pass,None
QA4063059,R9699204,2025-12-14 12:00:00,Fail,MissingInfo
QA5969319,R9557809,2025-12-14 12:01:00,Fail,Delay
QA2006609,R9551663,2025-12-14 12:02:00,Fail,Delay
QA1485949,R9950874,2025-12-14 12:03:00,Fail,MissingInfo
QA7911189,R9363487,2025-12-14 12:04:00,Fail,Delay
QA7463662,R9161707,2025-12-14 12:05:00,Fail,MissingInfo
QA5382193,R9923910,2025-12-14 12:06:00,Fail,MissingInfo
QA3366895,R9068044,2025-12-14 12:07:00,Fail,Delay
QA6623690,R9851193,2025-12-14 12:08:00,Fail,Delay
QA2274021,R9659536,2025-12-14 12:09:00,Fail,Rework
QA1097019,R9192995,2025-12-14 12:10:00,Fail,MissingInfo
QA8472256,R9278261,2025-12-14 12:11:00,Fail,Delay
QA7884658,R9399322,2025-12-14 12:12:00,Fail,Rework
QA9116013,R9571800,2025-12-14 12:13:00,Fail,Rework
QA8444522,R9506172,2025-12-14 12:14:00,Fail,Delay
QA2140021,R9366361,2025-12-14 12:15:00,Fail,MissingInfo
QA1516608,R9546791,2025-12-14 12:16:00,Fail,Delay
QA9562334,R9249200,2025-12-14 12:17:00,Fail,Rework
QA8953813,R9001927,2025-12-14 12:18:00,Fail,Rework
QA5224003,R9088296,2025-12-14 12:19:00,Fail,MissingInfo
